user,id,timestamp,changeset,lon,lat,version,uid
Łukasz Dudek,25248662,2017-04-28T08:48:00Z,48221143,116.391248,39.9059631,88,3892001
R438,64603903,2012-06-26T05:37:01Z,12018647,116.4837242,39.9297131,2,376715
随风-125,239434654,2016-01-04T03:02:10Z,36351492,116.4299331,40.0203814,3,2933900
aighes,253125798,2016-12-17T15:02:57Z,44471916,116.3656394,39.8563887,4,110639
nuklearerWintersturm,266249855,2009-11-07T17:38:37Z,3057320,116.2606403,39.9880197,4,75424
_kendell,269618423,2008-12-23T14:47:09Z,576539,116.3478321,39.698477,3,68934
GanDhi,271824595,2010-09-11T02:06:27Z,5746283,116.1969609,39.9931285,2,253506
Kartografiertier,274730796,2015-05-10T06:55:29Z,30955428,116.5289641,40.0026738,2,2461407
Yan Li,277034164,2008-07-08T00:41:05Z,427705,116.1739833,39.9842524,1,16335
Lackness Franc,280447423,2008-07-23T13:03:26Z,579505,116.1585512,40.0063004,1,53125
Lackness Franc,286236895,2008-08-08T14:04:36Z,136061,116.1666667,39.99455,1,53125
R438,288040413,2012-02-15T18:39:26Z,10695061,116.3817711,39.870477,6,376715
R438,289124811,2012-05-25T13:17:10Z,11698440,116.4774328,39.8448966,4,376715
R438,289557393,2012-08-31T13:15:35Z,12930882,116.2146764,39.977694,2,376715
R438,293036778,2011-12-02T16:32:59Z,10018011,116.1769728,40.3114586,2,376715
_kendell,300237991,2008-12-21T13:35:47Z,512907,116.5326174,39.7557076,17,68934
srividya_c,320475903,2015-07-21T07:51:48Z,32769976,116.4832797,39.8081147,4,2115749
R438,320693100,2011-08-21T05:04:56Z,9080626,116.5407215,39.8680199,5,376715
R438,321204740,2011-08-31T03:04:04Z,9172854,116.3851797,39.9924269,3,376715
R438,321559476,2013-08-21T16:37:08Z,17443426,116.3460931,40.0182523,4,376715
R438,321719102,2013-10-02T19:35:18Z,18150110,116.6349978,39.920619,9,376715
R438,322664431,2011-06-02T08:30:53Z,8317254,116.2000171,39.8267286,3,376715
_kendell,324275270,2009-01-01T14:56:25Z,703729,116.2646332,39.8071612,1,68934
_kendell,331212084,2009-01-11T14:28:12Z,771053,116.5260249,39.9119569,1,68934
Павел Гетманцев,339088654,2016-03-18T13:30:06Z,37918980,116.402067,39.9477287,7,571410
Esperanza36,340249421,2009-04-25T00:03:22Z,934632,116.3698003,39.9411477,4,83557
R438,343093625,2012-05-06T14:43:10Z,11519187,116.4006153,39.9170091,2,376715
Chen Jia,355783009,2014-01-26T10:13:48Z,20207165,116.69702,39.8495872,4,288524
hanchao,356722089,2016-10-03T09:07:41Z,42600027,116.7330209,40.0629865,3,499500
wangchun,358364978,2009-03-10T12:42:39Z,777758,116.516541,40.274391,1,13721
jamesks,380650585,2009-04-22T16:19:52Z,900495,116.788774,40.4197207,1,2500
R438,381938709,2012-02-29T15:46:22Z,10829219,116.3553357,40.098297,2,376715
R438,384252712,2012-01-20T09:03:47Z,10444272,116.5101896,39.8645045,2,376715
Iguana_masch,394240104,2009-05-12T01:57:26Z,1159803,116.575684,40.043608,2,119981
XBear,420508640,2012-10-26T17:40:39Z,13641086,116.9623592,39.5166153,2,42537
JasonFriedt,429423481,2009-06-26T07:49:00Z,1635577,116.1210303,40.2962616,1,133411
nuklearerWintersturm,486763018,2009-09-06T22:40:00Z,2397388,116.3902713,39.9123886,1,75424
nuklearerWintersturm,492733853,2009-10-15T16:02:52Z,2855702,116.3879604,39.9127512,2,75424
nuklearerWintersturm,493469570,2009-09-11T14:30:33Z,2446802,116.3882192,39.9204523,1,75424
Lackness Franc,494772299,2009-09-13T07:30:40Z,2465310,116.300512,40.0048507,1,53125
nuklearerWintersturm,512065130,2009-09-28T09:42:36Z,2662028,116.3943129,39.9173494,1,75424
m17design,528879812,2013-08-08T06:25:50Z,17262438,116.3995185,40.0396102,2,486052
R438,529504687,2012-07-10T09:28:35Z,12171066,116.3680174,39.9481861,5,376715
Esperanza36,530642361,2009-10-14T11:44:04Z,2844045,116.339918,39.8999448,1,83557
Chen Jia,530721730,2016-03-24T05:43:35Z,38033679,116.2163725,39.6971798,2,288524
nuklearerWintersturm,532506986,2009-10-15T21:53:59Z,2859498,116.3924111,39.9196233,1,75424
R438,533618303,2012-04-06T11:10:00Z,11199919,116.6363073,40.2910617,2,376715
Kartografiertier,534249120,2015-03-02T07:41:03Z,29192346,116.3078103,39.7998782,3,2461407
JasonFriedt,534931836,2009-10-18T22:08:44Z,2889245,117.0884609,40.3919798,1,133411
katpatuka,537960144,2009-10-21T17:45:52Z,2913707,116.2366236,40.4166463,1,17497
OSM-Bremen,538001305,2016-08-29T13:18:17Z,41777571,116.2100535,40.3259903,2,4446609
katpatuka,538208934,2009-10-22T10:07:01Z,2919483,116.5327162,40.4183682,1,17497
R438,538424328,2013-11-30T16:13:51Z,19196784,116.0566467,39.9706613,3,376715
katpatuka,538468907,2009-10-22T19:32:06Z,2923818,115.7534617,39.6609169,1,17497
JasonFriedt,557232438,2009-11-05T22:24:53Z,3044461,115.8241097,39.5908534,1,133411
nuklearerWintersturm,558638384,2009-11-06T23:23:52Z,3052605,116.4108114,39.8841466,1,75424
nuklearerWintersturm,559057006,2009-11-07T17:33:35Z,3057320,116.2732245,39.9844313,1,75424
nuklearerWintersturm,559268810,2009-11-07T23:46:55Z,3060075,116.2672454,39.9977471,1,75424
ij_,560018015,2012-09-25T23:14:30Z,13253577,116.3440144,40.417656,3,139957
katpatuka,573169925,2009-11-28T07:45:05Z,3233895,116.3626708,39.6884974,1,17497
JasonFriedt,598790784,2009-12-24T05:25:51Z,3440064,115.8336633,39.8205901,1,133411
Esperanza36,605046186,2010-01-04T23:19:50Z,3541976,116.5587838,40.0016319,1,83557
R438,605265501,2011-08-21T05:05:09Z,9080626,116.6765713,39.8400802,2,376715
Esperanza36,605327701,2010-01-05T12:40:13Z,3544924,116.3378756,39.7163996,1,83557
katpatuka,605453683,2010-04-13T09:38:29Z,4411923,115.9563747,39.822876,2,17497
Esperanza36,606366832,2010-01-06T11:15:33Z,3552486,116.5783762,39.827481,1,83557
Esperanza36,606994473,2010-01-06T19:10:34Z,3556289,115.9332241,39.7233334,1,83557
Cicerone,608737375,2010-01-08T01:39:32Z,3567318,116.3150134,39.7746812,1,150368
Esperanza36,610857673,2010-01-10T11:38:38Z,3586035,116.3101531,40.2447721,1,83557
Esperanza36,611760875,2010-01-11T18:31:04Z,3597931,116.7001729,40.3369684,1,83557
Lackness Franc,625622693,2010-02-01T14:06:47Z,3767873,116.233033,40.014333,1,53125
Esperanza36,644625927,2010-02-18T10:33:13Z,3907361,116.2220358,39.7049379,1,83557
R438,660744689,2013-05-01T13:15:47Z,15933502,116.0031942,40.3120694,3,376715
katpatuka,674533147,2010-03-26T05:57:18Z,4234955,115.8606102,40.04307,1,17497
katpatuka,674536964,2010-03-26T06:26:21Z,4235024,116.062995,40.1730683,1,17497
R438,690052979,2012-11-10T19:44:59Z,13825020,116.0033215,39.9733466,3,376715
katpatuka,694493612,2010-04-12T18:31:00Z,4407185,115.94829,39.91449,1,17497
katpatuka,694503830,2010-04-12T18:41:56Z,4407200,116.0020523,39.9154351,1,17497
katpatuka,694515516,2010-04-12T18:57:39Z,4407200,116.0590224,39.9358645,1,17497
katpatuka,695075221,2010-04-13T06:34:32Z,4410786,116.0877859,39.8381212,1,17497
katpatuka,695162174,2010-04-13T11:33:09Z,4412687,115.8964436,39.8230971,1,17497
Esperanza36,700084162,2010-04-17T18:14:22Z,4450211,116.5559555,40.0303073,1,83557
R438,700771136,2011-08-22T05:41:44Z,9090810,116.4355545,40.1204182,2,376715
Esperanza36,701810846,2010-04-19T11:17:45Z,4466711,116.5627631,39.8459645,1,83557
R438,726598404,2012-03-09T09:56:22Z,10917852,116.5740257,40.0337211,4,376715
Esperanza36,727280366,2010-05-09T09:32:16Z,4646145,116.6960956,39.838371,1,83557
nuklearerWintersturm,733789219,2010-05-14T09:42:07Z,4693931,116.3930902,39.9296293,1,75424
R438,734045344,2013-01-09T17:03:18Z,14588353,116.3530587,39.9297535,2,376715
nuklearerWintersturm,734418110,2010-05-14T18:40:54Z,4698874,116.3646264,39.8826258,1,75424
Алекс Мок,734521345,2017-02-28T21:18:12Z,46478582,116.3996951,39.8894077,3,4814295
R438,746856447,2012-08-28T19:08:53Z,12896511,116.3262649,39.9507146,2,376715
nuklearerWintersturm,754515968,2010-05-28T23:46:06Z,4838213,116.3309068,39.9311375,1,75424
katpatuka,822516941,2010-07-18T08:06:13Z,5248234,116.0281192,40.1858829,1,17497
R438,849582699,2013-12-06T06:50:18Z,19300783,116.4868459,40.2367468,2,376715
Saturn,890420824,2010-08-31T13:09:58Z,5645405,116.2247915,39.9793254,1,307415
katpatuka,915445270,2010-09-17T11:59:55Z,5802943,115.8228733,40.0202996,1,17497
Frank Gu,920058616,2012-08-19T10:27:17Z,12781612,116.5684521,39.9072073,2,349542
katpatuka,937528705,2010-10-04T09:08:57Z,5951521,116.004417,39.92556,1,17497
katpatuka,940021592,2010-10-07T09:19:42Z,5976362,115.7292242,39.5081284,1,17497
thu-mapper,975647239,2010-11-03T07:32:14Z,6273621,116.3269426,40.0027601,1,352829
R438,980739302,2014-01-18T03:22:38Z,20060919,116.0281648,40.3299344,7,376715
thu-mapper,983351383,2010-11-09T13:10:11Z,6327908,116.3285804,40.0080717,1,352829
katpatuka,1000542506,2010-11-23T06:45:03Z,6436970,116.7310686,40.3956399,1,17497
katpatuka,1000743421,2010-11-23T10:59:28Z,6438403,116.6030708,40.3305433,1,17497
mike_hd,1000766046,2016-08-20T21:38:39Z,41583514,116.6155055,40.3578469,2,6326
R438,1014897318,2012-08-30T19:30:19Z,12922336,116.1072108,39.7804212,2,376715
ij_,1036644610,2010-12-13T00:11:07Z,6643610,116.028945,40.3364393,1,139957
ij_,1036669990,2012-10-12T21:22:04Z,13472472,115.9936303,40.3366783,2,139957
ij_,1037703596,2010-12-13T21:02:21Z,6652750,115.8948034,40.2720612,1,139957
R438,1038256839,2013-01-10T17:10:36Z,14600142,116.4393903,39.9261329,2,376715
R438,1055649780,2012-07-01T06:09:29Z,12072202,116.6104603,40.0633914,2,376715
4b696d,1055659737,2016-04-14T21:09:28Z,38569958,116.6044187,40.0679741,3,1420318
R438,1056624510,2012-07-01T06:11:04Z,12072202,116.5978399,40.089027,2,376715
R438,1056971133,2012-07-01T06:11:57Z,12072202,116.6085667,40.0946359,2,376715
ij_,1060241708,2010-12-23T22:00:10Z,6750121,115.7858171,40.1946844,1,139957
ij_,1061559787,2010-12-24T11:02:26Z,6753449,115.7875745,40.2121202,1,139957
ij_,1062687852,2010-12-24T20:59:15Z,6757291,115.8125639,40.2516783,1,139957
ij_,1066572849,2010-12-26T21:11:34Z,6772285,115.7677469,40.196239,1,139957
ij_,1066841283,2010-12-26T23:55:26Z,6773537,115.9934807,40.3789634,1,139957
R438,1080698371,2012-03-01T13:52:56Z,10837990,116.1121932,39.9340006,2,376715
R438,1090670773,2012-07-05T20:33:27Z,12124326,116.427207,39.9543262,2,376715
R438,1099883149,2011-01-12T13:42:17Z,6947315,116.3197554,39.8935152,1,376715
hanchao,1175610016,2017-02-14T03:15:38Z,46067297,116.7175665,39.5571657,7,499500
R438,1182714352,2012-08-29T17:19:40Z,12907995,116.0704549,39.722965,2,376715
R438,1194117822,2013-10-08T10:02:21Z,18244203,116.7483973,40.0321206,2,376715
R438,1211859168,2012-07-01T06:12:55Z,12072202,116.5878021,40.0538063,2,376715
R438,1226548272,2012-05-27T08:44:02Z,11713389,116.3432125,39.9660107,3,376715
42429,1230360715,2014-05-09T17:05:53Z,22235154,116.3393103,39.8622195,2,42429
Say-no,1231170197,2011-04-03T17:40:14Z,7756890,116.3105467,39.9591019,1,76581
zhongguo,1240276299,2011-04-10T19:52:51Z,7826854,116.7807404,40.083925,1,386131
zhongguo,1248770988,2011-04-17T18:26:39Z,7890108,116.0331352,39.741661,1,386131
R438,1252212677,2011-04-20T08:28:04Z,7913912,116.247582,39.8321665,1,376715
zhongguo,1272249915,2011-05-04T17:32:00Z,8050749,116.2660582,39.8205053,1,386131
R438,1290318178,2011-05-18T13:53:27Z,8181345,116.2383517,39.83204,1,376715
R438,1296102340,2011-05-22T12:58:16Z,8215941,116.2306839,39.9059894,1,376715
R438,1300406492,2013-10-22T13:06:43Z,18486059,116.4289595,39.9070976,4,376715
Poeloq,1307641862,2011-06-01T11:56:52Z,8309538,116.2859188,39.9458064,1,25642
zhongguo,1318829845,2011-06-10T12:54:40Z,8397014,116.070999,39.637975,1,386131
zhongguo,1319018187,2011-06-10T15:19:48Z,8398138,116.6218365,39.6371787,1,386131
zhongguo,1324251491,2011-06-13T20:15:56Z,8431173,116.3671437,39.7620857,1,386131
zhongguo,1325598445,2011-06-14T20:02:57Z,8441422,116.3681477,39.8500744,1,386131
zhongguo,1339737920,2011-06-26T14:28:29Z,8552377,116.3823076,39.9216918,1,386131
R438,1343051478,2011-06-29T09:48:14Z,8579340,116.1536295,39.833876,1,376715
wikihero,1343362473,2011-06-29T15:37:04Z,8582089,116.2505756,40.0255114,1,316860
R438,1349044204,2012-03-01T08:30:27Z,10835264,116.1897602,39.9191749,2,376715
R438,1349940482,2011-07-05T04:24:52Z,8635625,116.6860951,39.8650959,1,376715
R438,1350293315,2011-07-11T12:08:40Z,8693224,116.4108822,39.9855565,2,376715
R438,1351126553,2011-07-06T09:00:00Z,8646382,116.5716459,40.0338953,1,376715
R438,1354523305,2012-03-01T08:31:07Z,10835264,116.1888288,39.9194654,2,376715
R438,1357688059,2012-02-29T06:18:16Z,10825118,116.4109918,40.0294208,2,376715
R438,1359330018,2012-07-19T16:39:19Z,12340015,116.3723383,39.9876511,3,376715
R438,1361170251,2012-09-24T16:44:52Z,13235982,116.2914357,39.9318365,2,376715
DAJIBA,1363975171,2016-08-17T14:21:45Z,41513385,116.3914482,40.0116611,2,360397
R438,1366335070,2012-03-09T05:56:49Z,10916256,116.309393,40.0394765,4,376715
R438,1367524042,2011-07-20T06:21:16Z,8775058,116.0420111,40.3147686,1,376715
regedy,1380254174,2011-07-31T14:57:21Z,8881438,116.4358813,39.9126414,1,483176
Chen Jia,1406705548,2013-12-20T15:35:28Z,19551672,116.7717708,39.8152642,3,288524
R438,1408034601,2011-08-22T05:18:52Z,9090734,116.5656867,39.9144617,1,376715
R438,1411178429,2011-08-24T12:00:02Z,9111850,116.2665818,39.8449748,1,376715
R438,1411808142,2011-08-25T04:02:11Z,9118086,115.9555366,40.3704712,1,376715
R438,1412822145,2012-04-04T11:42:49Z,11175375,116.2299049,40.1843972,2,376715
R438,1419168297,2011-08-31T13:03:22Z,9176142,116.3470772,40.0666872,1,376715
JasonFriedt,1420931009,2011-09-02T13:19:44Z,9193050,116.2776286,40.2372865,1,133411
MrBoot,1423525501,2013-07-08T03:46:46Z,16868071,116.6830877,40.1721796,2,114770
R438,1460425461,2012-08-31T10:28:32Z,12929144,116.1265847,39.8875181,2,376715
trekki,1481359582,2011-10-26T14:58:01Z,9660991,116.9233581,39.4507599,1,119785
trekki,1484735095,2011-10-29T14:26:17Z,9685032,117.0425697,39.4384959,1,119785
R438,1498572912,2011-11-11T12:25:16Z,9795998,116.3215383,39.9789701,1,376715
R438,1528596350,2011-12-02T16:32:29Z,10018011,116.1678426,40.3149543,1,376715
Charlie_Tsai,1560636836,2012-04-29T17:32:00Z,11452306,116.3405444,40.0007909,2,637817
katpatuka,1582349335,2012-01-08T10:13:06Z,10329456,116.5815677,39.8969774,1,17497
Алекс Мок,1598502505,2017-03-06T18:08:20Z,46630468,116.4123939,39.8914101,3,4814295
4b696d,1617947633,2016-04-14T14:07:40Z,38556288,116.5831221,40.0815048,4,1420318
R438,1634360897,2012-02-15T18:38:33Z,10695061,116.3691909,39.8636902,1,376715
R438,1638689175,2012-09-23T15:42:20Z,13221736,116.0994816,40.023644,2,376715
R438,1648203227,2012-02-26T08:43:39Z,10795375,116.443636,39.8999748,1,376715
chinoook,1651224847,2012-02-28T06:42:22Z,10816042,116.3545598,40.3820227,1,65558
chinoook,1653146458,2012-02-29T18:33:24Z,10830778,116.3086297,40.2591426,1,65558
R438,1654065052,2012-03-01T08:10:36Z,10835131,116.4299442,39.9399977,1,376715
R438,1654364654,2012-03-01T13:52:39Z,10837990,116.1125451,39.9369632,1,376715
R438,1667004596,2012-03-09T10:20:33Z,10918099,116.5363027,40.0546618,1,376715
R438,1673265544,2013-09-14T15:17:55Z,17834710,116.2961122,39.9076099,2,376715
R438,1675468450,2012-03-15T07:33:20Z,10985516,116.314454,39.6526339,1,376715
jack yao,1684786788,2012-03-21T15:24:40Z,11053189,116.3920962,39.9200672,1,530257
bigtigerlu,1688184088,2012-03-24T13:40:21Z,11084406,116.0260463,39.9071162,2,624020
R438,1701051683,2012-04-04T14:23:56Z,11177330,116.2785893,40.2337337,1,376715
R438,1702619067,2012-04-05T12:28:54Z,11188666,116.3203581,39.9656114,1,376715
R438,1704053302,2012-04-06T06:49:35Z,11197305,116.6350492,40.2730789,1,376715
R438,1716348898,2012-04-14T15:49:24Z,11300309,116.2627825,40.0077411,1,376715
R438,1716567590,2012-04-14T18:55:28Z,11302401,116.0914095,40.1103127,1,376715
R438,1720081867,2012-08-06T17:14:53Z,12635847,116.2741051,39.9592438,2,376715
R438,1732871781,2013-06-24T12:35:35Z,16683772,116.3869768,39.9965411,2,376715
R438,1734253185,2012-04-28T16:37:52Z,11442500,116.3920135,39.989991,1,376715
R438,1736312987,2012-04-30T13:37:28Z,11460299,116.6384104,40.119995,1,376715
R438,1737609935,2012-05-01T19:14:06Z,11473378,116.3575228,39.8834812,1,376715
Charlie_Tsai,1738234820,2012-05-02T12:14:07Z,11478982,116.0978586,40.0633698,1,637817
Charlie_Tsai,1739903389,2012-05-04T03:11:09Z,11494245,116.088514,40.0612758,1,637817
Charlie_Tsai,1740173157,2012-05-04T10:34:02Z,11496480,116.0701509,40.0609449,1,637817
Charlie_Tsai,1741006072,2012-05-05T03:39:57Z,11503959,116.0699228,40.0525526,1,637817
Charlie_Tsai,1741029428,2012-05-05T04:20:25Z,11504076,116.0863361,40.0609111,1,637817
Charlie_Tsai,1743941447,2012-05-07T04:05:47Z,11524869,116.0640817,40.0554392,1,637817
R438,1744494445,2012-07-28T02:04:14Z,12518435,116.4380632,39.8706079,2,376715
R438,1748294883,2012-05-11T06:27:40Z,11564971,116.3482427,39.9434843,1,376715
olvagor,1758312616,2012-05-19T11:32:54Z,11641612,116.2007964,40.2034386,1,63969
olvagor,1758756492,2012-05-19T18:36:18Z,11645296,116.1388951,40.2458642,1,63969
R438,1762186672,2012-05-22T14:19:19Z,11672090,116.2895537,39.9930118,1,376715
R438,1765370422,2012-07-24T11:15:08Z,12464071,116.4407311,39.8423644,2,376715
R438,1771676675,2012-05-31T18:21:14Z,11760739,116.262749,39.8960852,1,376715
R438,1771841760,2012-05-31T20:58:43Z,11762132,116.0979535,39.7293975,1,376715
duquennc,1785666994,2012-06-13T07:31:10Z,11881729,116.3493434,40.0010727,1,702735
R438,1788337377,2012-06-15T08:56:18Z,11902643,116.3252617,39.7261212,1,376715
R438,1800441186,2012-06-24T11:10:06Z,11998630,116.3245458,39.9628998,1,376715
R438,1805216479,2012-06-28T16:51:50Z,12048763,116.3179405,40.0120709,1,376715
R438,1807791808,2012-06-30T17:40:55Z,12068223,116.4841755,39.946713,1,376715
R438,1808447557,2013-10-07T04:49:23Z,18223296,116.6039467,40.0303202,3,376715
adirricor,1808572908,2012-07-01T09:45:41Z,12073690,116.2449693,39.9550464,1,245439
adirricor,1808717284,2012-07-01T12:35:12Z,12075411,116.4775541,39.8748456,1,245439
R438,1814002008,2012-07-05T17:27:55Z,12122630,116.4612285,40.0085217,1,376715
R438,1824913130,2012-07-13T23:39:34Z,12212556,116.5091513,39.9104471,1,376715
R438,1828880500,2012-07-17T17:37:01Z,12269693,116.821972,40.3420813,1,376715
R438,1836427128,2012-07-24T11:14:28Z,12464071,116.4410086,39.8382213,1,376715
R438,1836866374,2012-07-24T18:53:55Z,12473788,115.9886154,39.9809692,1,376715
R438,1836981068,2012-07-24T20:42:10Z,12476066,115.855791,40.0294591,1,376715
Esperanza36,1840133979,2012-07-27T17:39:14Z,12514446,116.4971184,39.8623164,1,83557
R438,1840711720,2012-07-28T02:03:58Z,12518435,116.4400703,39.8783754,1,376715
Esperanza36,1842944999,2012-07-29T16:38:04Z,12537195,116.4873724,40.0887185,1,83557
R438,1849512135,2012-08-03T07:41:03Z,12594595,116.1473931,40.094019,1,376715
R438,1851959167,2012-08-04T19:32:48Z,12613416,116.1341138,40.1415025,1,376715
R438,1854145254,2013-09-10T09:58:37Z,17764066,116.6720736,40.3686063,2,376715
R438,1859765964,2012-08-10T06:45:13Z,12676254,116.4098019,39.8718032,1,376715
R438,1869797137,2012-08-18T00:06:10Z,12768597,116.3241,39.8297612,2,376715
Hobart,1888011000,2012-08-29T10:31:45Z,12903406,116.3863963,39.9119736,1,287354
R438,1890707216,2012-08-30T22:40:49Z,12924496,116.1333078,39.8582663,1,376715
m17design,1895794805,2013-08-09T09:20:12Z,17276435,116.472268,39.948645,2,486052
luiswoo,1906179593,2012-09-09T00:19:30Z,13039613,116.3823779,39.8764192,1,311318
R438,1923816000,2012-09-20T15:47:36Z,13185331,116.3052915,39.9618188,1,376715
greecemapper,1930483087,2015-03-07T16:23:56Z,29311593,116.0893703,39.9950842,2,23785
ij_,1932996362,2012-09-25T23:11:47Z,13253577,116.36461,40.415386,1,139957
ij_,1932997542,2012-09-25T23:12:27Z,13253577,116.3706841,40.4214993,1,139957
R438,1939780478,2012-09-30T14:21:56Z,13309998,116.091322,39.71886,1,376715
R438,1942453999,2012-10-02T08:52:18Z,13331801,116.2211544,39.8447622,1,376715
ij_,1943176796,2012-10-02T19:57:36Z,13339454,116.3309767,40.4114021,1,139957
ij_,1943179172,2012-10-02T19:58:21Z,13339454,116.334973,40.4153107,1,139957
ij_,1943475203,2012-10-02T22:37:55Z,13341256,116.3095117,40.4104998,1,139957
ij_,1943476600,2012-10-02T22:38:40Z,13341256,116.3200692,40.4125494,1,139957
ij_,1943478001,2012-10-02T22:39:23Z,13341256,116.3107326,40.4150417,1,139957
ij_,1943479732,2012-10-02T22:40:06Z,13341256,116.3127096,40.4230534,1,139957
ij_,1944901278,2012-10-03T20:07:20Z,13352942,116.3581679,40.414055,1,139957
ij_,1944904167,2012-10-03T20:08:08Z,13352942,116.359239,40.4162018,1,139957
ij_,1944906290,2012-10-03T20:08:54Z,13352942,116.377654,40.4180054,1,139957
ij_,1945152148,2012-10-03T22:48:05Z,13354706,116.3523378,40.4198909,1,139957
ij_,1946691233,2012-10-04T20:20:04Z,13365754,116.289604,40.4080424,1,139957
ij_,1946694731,2012-10-04T20:20:49Z,13365754,116.3016056,40.4128055,1,139957
ij_,1948091864,2012-10-05T20:21:25Z,13377836,116.2785208,40.4078968,1,139957
ij_,1948093804,2012-10-05T20:22:09Z,13377836,116.27756,40.4121087,1,139957
ij_,1949156752,2012-10-06T13:53:00Z,13385306,116.2637622,40.4024662,1,139957
ij_,1949159461,2012-10-06T13:53:44Z,13385306,116.2751362,40.4088906,1,139957
ij_,1949446079,2012-10-06T16:51:22Z,13387572,116.2510678,40.3957942,1,139957
ij_,1949451257,2012-10-06T16:52:11Z,13387572,116.2568999,40.4034888,1,139957
ij_,1949456473,2012-10-06T16:53:02Z,13387572,116.2661091,40.4130683,1,139957
ij_,1949555275,2012-10-06T17:52:48Z,13388418,116.241947,40.3884919,1,139957
ij_,1949557132,2012-10-06T17:53:31Z,13388418,116.2391394,40.3930341,1,139957
ij_,1955715221,2012-10-09T20:38:52Z,13432957,116.5650589,40.4244498,1,139957
BeijingHiking,1957647090,2012-10-11T00:01:48Z,13448575,116.0328135,40.04376,1,965824
BeijingHiking,1957878448,2012-10-11T03:01:49Z,13449194,116.0253884,40.0748491,1,965824
ij_,1959632978,2012-10-11T23:01:06Z,13460955,115.9447872,40.202846,1,139957
ij_,1959636178,2012-10-11T23:01:50Z,13460955,115.8342047,40.245136,1,139957
ij_,1959639952,2012-10-11T23:02:35Z,13460955,115.8615042,40.2482631,1,139957
BeijingHiking,1959769085,2012-10-11T23:52:32Z,13461086,116.0904087,40.0377245,1,965824
ij_,1961572160,2012-10-12T21:20:07Z,13472472,115.9714083,40.331156,1,139957
ij_,1962319010,2012-10-13T09:29:34Z,13476488,115.9881054,40.3200864,1,139957
ij_,1962320583,2012-10-13T09:30:18Z,13476488,115.9850335,40.3358689,1,139957
ij_,1962321869,2012-10-13T09:31:00Z,13476488,115.980248,40.3403915,1,139957
ij_,1962322976,2012-10-13T09:31:41Z,13476488,116.0062747,40.3517239,1,139957
ij_,1965700693,2012-10-14T21:27:32Z,13499035,116.062241,40.282653,1,139957
ij_,1965702165,2012-10-14T21:28:14Z,13499035,116.0627244,40.2906298,1,139957
ij_,1965896430,2012-10-14T22:59:30Z,13499801,116.0249486,40.3386864,1,139957
ij_,1965898400,2012-10-14T23:00:18Z,13499801,116.0073664,40.3489881,1,139957
ij_,1965900351,2012-10-14T23:01:05Z,13499801,116.0109406,40.3562787,1,139957
BeijingHiking,1965996260,2012-10-15T00:20:45Z,13500232,115.9748793,40.0555741,1,965824
R438,1968350967,2012-10-16T12:48:33Z,13518639,116.1741447,39.9249015,2,376715
R438,1977839573,2012-10-22T13:01:12Z,13592609,116.5237209,39.9090296,1,376715
R438,1984344346,2012-10-26T13:44:23Z,13638549,116.3078202,39.8655553,1,376715
R438,1984735332,2012-10-26T18:43:23Z,13641807,116.3085274,39.8681154,1,376715
Chen Jia,1984899466,2013-09-20T14:12:32Z,17941156,116.6593,39.5206615,2,288524
R438,1985433995,2012-10-27T08:50:23Z,13646809,116.5139185,39.7790392,1,376715
XBear,1995884339,2012-11-03T19:06:54Z,13738242,116.7305534,39.4721151,1,42537
XBear,1995886694,2012-11-03T19:07:18Z,13738242,116.7741116,39.6644188,1,42537
R438,2007024196,2012-11-10T19:03:37Z,13824636,115.9837061,39.9850377,1,376715
jack yao,2012088957,2012-11-13T09:27:46Z,13856638,116.3382087,39.983166,2,530257
ij_,2033009209,2012-11-25T21:19:12Z,14037082,115.9640666,40.3402541,1,139957
ij_,2033012057,2012-11-25T21:19:40Z,14037082,115.9711893,40.3466899,1,139957
ij_,2033015214,2012-11-25T21:20:08Z,14037082,115.9699237,40.3500939,1,139957
ij_,2033168081,2012-11-25T22:02:23Z,14037746,115.8648767,40.2375184,1,139957
mousedou,2047703829,2012-12-03T09:10:39Z,14136054,116.4948642,39.9523035,1,796335
pnorman,2080780350,2012-12-24T06:07:53Z,14386370,116.4745658,39.942538,1,355617
R438,2098437757,2013-01-06T17:29:35Z,14552559,116.453625,40.028915,1,376715
R438,2099977254,2013-01-07T15:55:38Z,14563990,116.2720677,39.9315211,1,376715
R438,2112826357,2013-01-15T20:48:39Z,14665896,116.0917748,39.9499809,1,376715
gerg1,2122141239,2013-01-21T05:56:56Z,14729447,116.2730166,40.0963324,1,697073
gerg1,2125894759,2013-01-24T03:14:49Z,14764365,116.2037029,39.6946164,1,697073
gerg1,2127099939,2013-01-25T06:22:03Z,14777110,116.1625632,39.4698862,1,697073
埃迪卡拉,2133276655,2013-01-29T05:01:09Z,14830604,116.1788534,39.9997257,1,1205572
埃迪卡拉,2140988718,2013-02-04T05:32:34Z,14905518,116.0822905,40.103579,1,1205572
埃迪卡拉,2141038148,2013-02-04T07:13:00Z,14905999,115.8122013,39.9250293,1,1205572
RationalTangle,2173856469,2015-05-24T06:09:15Z,31412156,116.4262571,39.939869,2,2639622
hanchao,2181398541,2013-03-02T14:44:04Z,15222146,116.3883986,39.9896989,1,499500
liyingben,2190817614,2013-03-08T06:46:11Z,15289940,116.2066971,40.2133613,1,150313
R438,2199344690,2013-08-25T08:04:57Z,17494444,116.1953442,39.9173863,2,376715
liyingben,2206254449,2013-03-17T05:19:17Z,15391437,116.2311697,40.2345193,1,150313
nuklearerWintersturm,2207230457,2013-03-17T20:32:35Z,15400994,116.3046723,40.0087106,1,75424
nuklearerWintersturm,2207327035,2013-03-17T21:25:49Z,15401653,116.2993298,40.0106909,1,75424
mousedou,2207731861,2013-03-18T04:45:10Z,15403951,116.1253884,39.7357634,1,796335
mousedou,2207733458,2013-03-18T04:45:30Z,15403951,115.8248219,39.8543819,1,796335
mousedou,2207734987,2013-03-18T04:45:51Z,15403951,116.5457184,39.9491249,1,796335
mousedou,2207737206,2013-03-18T04:46:13Z,15403951,116.8586589,40.2313264,1,796335
mousedou,2210727804,2013-03-20T02:59:40Z,15427192,116.4429884,39.8080567,1,796335
hanchao,2218621003,2013-03-24T15:22:02Z,15480380,116.3707469,39.9932535,1,499500
liyingben,2262216538,2013-04-11T00:36:32Z,15684301,116.2891484,40.2901255,1,150313
R438,2264711387,2013-04-12T17:58:29Z,15703962,116.2330558,39.9738321,1,376715
R438,2272456648,2013-04-19T09:36:26Z,15782922,116.1308378,40.2388407,1,376715
Jonathan ZHAO,2282794045,2013-04-27T06:23:44Z,15879774,116.2117108,39.995167,1,837425
James Millar,2287797937,2017-03-08T03:21:58Z,46669281,115.9501734,40.3783173,2,5317567
greecemapper,2290922376,2013-05-03T22:35:19Z,15966749,116.2266641,39.8302466,1,23785
MrBoot,2303139634,2013-05-13T23:31:00Z,16118504,116.4814278,40.0026595,1,114770
m17design,2313142856,2013-05-20T15:48:31Z,16211004,116.3928143,40.0286566,1,486052
DAJIBA,2330171068,2013-06-03T02:24:45Z,16400274,116.4315658,40.2473756,1,360397
FreedSky,2336851432,2016-03-19T18:22:07Z,37943172,117.1062827,40.3529721,2,1236135
Popolon,2338326251,2013-06-09T16:07:20Z,16484078,116.6322763,39.8944205,1,27454
Jonathan ZHAO,2345158428,2013-06-15T05:22:16Z,16558901,116.2019472,40.0005824,1,837425
Jonathan ZHAO,2353062918,2013-06-20T06:32:42Z,16625521,116.2732979,40.0258704,1,837425
Jonathan ZHAO,2354397921,2013-06-21T05:02:52Z,16638869,116.3179514,39.9952983,1,837425
Popolon,2358445809,2013-06-24T10:38:06Z,16682279,116.3682878,39.9320788,1,27454
Popolon,2360279169,2013-06-25T11:18:59Z,16697791,116.4053145,39.8882902,1,27454
Popolon,2366938654,2013-06-30T08:54:02Z,16761818,116.3956047,39.8748837,1,27454
trekki,2367838619,2013-06-30T21:18:27Z,16770539,116.4058954,39.4219928,1,119785
trekki,2372451062,2013-07-03T19:26:21Z,16811203,116.4520496,39.9374538,1,119785
4rch,2382073922,2015-02-27T15:43:21Z,29138086,116.4646747,39.9847946,2,1772211
R438,2391106037,2013-07-21T05:19:30Z,17031184,116.2842338,39.7959429,1,376715
m17design,2400036728,2013-07-29T05:45:04Z,17134167,116.4790865,39.9449437,1,486052
m17design,2400251640,2013-07-29T10:00:17Z,17136838,116.4802989,39.9404731,1,486052
m17design,2404386773,2013-08-02T04:01:17Z,17187297,116.4695941,39.9398831,1,486052
m17design,2404520399,2013-08-02T06:32:59Z,17187924,116.4798364,39.9385841,1,486052
m17design,2404649513,2013-08-02T07:29:16Z,17187924,116.4687146,39.9366261,1,486052
m17design,2407503415,2013-08-05T03:41:36Z,17222503,116.3830749,40.0457285,1,486052
m17design,2407651295,2013-08-05T08:28:36Z,17224557,116.4748647,39.9416454,1,486052
m17design,2408424533,2013-08-06T04:01:11Z,17236067,116.396976,40.2241025,1,486052
m17design,2409376986,2013-08-07T01:33:06Z,17248727,116.3830927,40.0766922,1,486052
m17design,2410536803,2013-08-08T03:45:50Z,17261708,116.4021994,40.0149394,1,486052
m17design,2410875012,2013-08-08T10:10:10Z,17264668,116.441244,39.9829805,1,486052
richlv,2414692722,2013-08-11T15:46:58Z,17305091,116.4561941,39.9048794,1,47892
m17design,2415693971,2013-08-12T08:25:05Z,17313714,116.4875083,39.924237,1,486052
yuanyelele,2416011015,2013-08-12T13:56:07Z,17317683,116.48828,39.9172267,1,346132
m17design,2417458926,2013-08-13T08:37:10Z,17327704,116.4867818,39.9468003,1,486052
m17design,2420475406,2013-08-16T06:15:02Z,17367760,116.3885969,40.0353242,1,486052
_rockmachine,2420594046,2016-12-20T13:59:03Z,44541927,116.3428671,40.0890776,2,1836406
m17design,2424954990,2013-08-20T03:38:56Z,17420375,116.4929938,39.9342193,1,486052
Fahni,2425407765,2013-08-20T12:27:53Z,17425624,115.920022,40.21353,1,829408
Chen Jia,2434734027,2013-08-28T05:22:41Z,17548025,116.4892332,39.7676476,1,288524
R438,2451282555,2013-09-09T06:08:07Z,17744082,116.4658182,40.0346612,1,376715
轩轾CN,2453761052,2013-09-11T06:51:11Z,17777741,116.3968021,39.8319017,1,510465
Алекс Мок,2454990657,2017-03-08T16:10:24Z,46684617,116.3966614,39.8427185,2,4814295
Chen Jia,2458220700,2013-09-14T16:36:31Z,17836088,116.4978463,39.761991,1,288524
vvxvv,2462599653,2016-03-05T15:54:23Z,37629714,116.4081754,40.0393716,2,3631549
Chen Jia,2464952785,2013-09-20T06:18:52Z,17934285,116.5781571,39.7794109,1,288524
Chen Jia,2466161830,2013-09-21T05:36:19Z,17950442,116.5001879,39.7947393,1,288524
hanchao,2467300819,2013-09-22T06:51:25Z,17968064,116.4069374,40.0317524,1,499500
Chen Jia,2467587298,2013-09-22T11:58:06Z,17972384,116.4815801,39.8060717,1,288524
Chen Jia,2468678719,2013-09-23T11:37:56Z,17989224,116.4827812,39.8036568,1,288524
Chen Jia,2469968413,2013-09-24T12:17:06Z,18008060,116.5024817,39.7948946,1,288524
Chen Jia,2471049292,2013-09-25T12:35:37Z,18027163,116.4936227,39.8003386,1,288524
Chen Jia,2473238987,2013-09-27T08:39:31Z,18057698,116.3945247,39.7609853,1,288524
Chen Jia,2473593573,2013-09-27T14:31:56Z,18062639,116.4788298,39.7946737,1,288524
Chen Jia,2476352519,2015-07-08T10:53:31Z,32492372,116.5000952,39.7702901,2,288524
Chen Jia,2476617313,2013-09-29T15:05:42Z,18094344,116.4753237,39.7947807,1,288524
Chen Jia,2478925052,2013-10-01T12:45:16Z,18126704,116.5182259,39.7764139,1,288524
Chen Jia,2479744078,2013-10-02T07:00:01Z,18138043,116.5151911,39.7390522,1,288524
Chen Jia,2480811059,2013-10-03T03:20:18Z,18154219,116.4885185,39.790198,1,288524
R438,2482565185,2013-10-04T17:04:39Z,18182221,116.3931389,39.9269953,1,376715
Chen Jia,2483695096,2013-10-05T14:40:31Z,18196595,116.5019643,39.8032308,1,288524
Liberion,2485222937,2016-09-30T08:38:27Z,42536768,116.3073149,39.985465,2,2942361
R438,2486004084,2013-10-09T12:14:02Z,18263467,116.1283277,39.8882031,2,376715
R438,2488305593,2013-10-08T16:33:29Z,18250815,116.6877934,40.1260438,1,376715
R438,2489486031,2013-10-09T14:18:21Z,18265652,116.102607,39.9274106,1,376715
Chen Jia,2494634137,2013-10-13T06:10:18Z,18326813,116.3058028,39.7023322,1,288524
Chen Jia,2495116538,2013-10-13T16:05:53Z,18335063,116.3198001,39.5186692,1,288524
adirricor,2497249361,2013-10-15T12:52:46Z,18367771,116.8724558,39.9257364,1,245439
Chen Jia,2499048219,2015-06-19T15:10:51Z,32077257,116.4518141,39.773808,2,288524
R438,2499512665,2013-10-17T14:30:15Z,18404539,116.3874295,40.0820966,1,376715
R438,2503842689,2013-10-21T13:12:37Z,18468699,116.6313392,39.9037824,1,376715
Chen Jia,2505833559,2013-10-23T11:53:28Z,18501468,116.4277343,39.8243347,1,288524
R438,2509341770,2013-10-26T12:36:21Z,18550879,116.2528684,39.9825016,1,376715
MrBoot,2513583986,2013-10-30T07:03:31Z,18612558,116.4628547,40.005225,1,114770
Chen Jia,2522856863,2013-11-07T06:52:28Z,18759878,116.5082739,39.9635393,1,288524
hanchao,2531848513,2013-11-14T08:40:26Z,18889772,116.3769577,40.0064033,1,499500
jamesks,2540970285,2013-11-20T08:11:07Z,19007978,117.0473957,40.1852013,1,2500
hanchao,2541055739,2013-11-20T09:59:15Z,19009570,116.3781598,39.981264,1,499500
hanchao,2542539504,2013-11-21T02:10:39Z,19027474,116.3423333,39.996078,1,499500
hanchao,2550342028,2013-11-25T09:58:49Z,19106348,116.3458527,40.0752778,1,499500
hanchao,2554035134,2013-11-27T10:27:55Z,19141360,116.4027579,39.9856812,1,499500
R438,2562835734,2013-12-03T13:41:21Z,19251780,116.6542036,40.1857609,1,376715
Popolon,2568278412,2013-12-06T17:02:12Z,19309328,116.4141045,40.0668478,1,27454
hanchao,2571037936,2013-12-08T07:13:47Z,19335877,116.3966815,39.9945766,1,499500
Алекс Мок,2576526153,2017-03-06T21:02:33Z,46634640,116.4305161,39.9490189,2,4814295
R438,2578148704,2013-12-13T13:11:20Z,19432491,116.3408924,39.847,1,376715
R438,2582051941,2013-12-16T08:16:40Z,19477715,116.297016,40.026041,1,376715
R438,2587592293,2013-12-20T09:18:36Z,19546457,116.2406474,40.3528651,1,376715
Chen Jia,2587963371,2013-12-20T16:09:27Z,19552237,116.7944446,39.7666207,1,288524
Chen Jia,2590317575,2013-12-22T14:41:40Z,19582895,116.6292058,39.9195809,1,288524
R438,2591465878,2013-12-23T13:58:34Z,19600742,116.4882853,40.3397532,1,376715
Chen Jia,2592702367,2013-12-24T12:53:02Z,19616950,116.6444269,39.9688825,1,288524
Chen Jia,2594779146,2013-12-26T06:47:40Z,19639093,116.6709175,40.0203509,1,288524
tymmmy,2597448819,2013-12-27T21:05:50Z,19669249,115.9727931,40.3546684,1,1852248
tymmmy,2597523508,2013-12-27T22:05:25Z,19670374,115.9707924,40.3592904,1,1852248
Chen Jia,2601127366,2013-12-30T12:50:58Z,19713758,116.7213919,39.7447247,1,288524
Chen Jia,2604174148,2014-01-01T08:16:16Z,19741583,117.1175995,40.1565883,1,288524
Chen Jia,2605742538,2014-01-02T05:35:07Z,19756898,116.5203298,39.7441199,1,288524
Chen Jia,2609434391,2014-01-04T15:00:39Z,19806182,116.5658055,39.7628947,1,288524
Chen Jia,2614427191,2014-01-08T06:32:08Z,19876372,116.2766812,40.1172855,1,288524
Chen Jia,2619377350,2014-01-12T07:00:52Z,19947539,116.6021881,39.7352819,1,288524
Chen Jia,2619404749,2014-01-12T08:10:09Z,19948063,116.6169123,39.7062141,1,288524
hanchao,2621131346,2014-01-13T15:06:37Z,19973236,116.3454176,39.9967103,1,499500
Chen Jia,2623343762,2014-01-15T11:47:01Z,20012187,116.4228347,39.8615823,1,288524
R438,2626608983,2014-01-18T03:22:34Z,20060919,116.0327444,40.3258331,1,376715
hanchao,2628068798,2014-01-19T06:22:46Z,20079417,116.3698309,39.9148592,1,499500
u_kubota,2633733652,2014-01-23T13:46:25Z,20160092,117.1088104,40.1733698,1,421504
u_kubota,2634999779,2014-01-24T12:11:31Z,20176041,116.4062191,39.9107622,1,421504
Chen Jia,2636760197,2014-01-25T14:24:45Z,20194093,116.5334825,39.6932215,1,288524
Chen Jia,2639384657,2014-01-27T08:01:31Z,20224166,116.75962,39.8077307,1,288524
Chen Jia,2639385677,2014-01-27T08:01:54Z,20224166,116.7563827,39.8919507,1,288524
Squirrel1982,2641245246,2014-01-28T19:18:31Z,20252355,116.4231504,40.0519542,1,1291871
Esperanza36,2668903854,2014-02-12T15:43:05Z,20524339,116.4107787,39.97164,1,83557
Jason Roy,2678276736,2017-03-06T09:20:29Z,46617614,116.4458894,39.9332469,3,5147743
Chen Jia,2681923392,2014-02-20T12:11:57Z,20673798,116.9437901,39.8087175,1,288524
James Millar,2685079498,2017-03-08T07:28:16Z,46672240,116.3870191,39.9285241,5,5317567
hanchao,2696119620,2014-03-01T09:07:36Z,20841458,116.4220384,39.9276603,1,499500
yanming,2700969721,2014-03-04T07:33:12Z,20904421,116.4599141,39.9740511,1,1966775
Orichalcum,2706857745,2014-03-08T11:51:41Z,20985659,116.300969,40.1112374,1,1974059
Yuanchu Si,2716936438,2017-02-09T20:16:32Z,45956451,116.3303514,39.9874074,3,4691731
hanchao,2730490772,2014-03-21T03:20:28Z,21221057,116.3753409,40.0285534,1,499500
hanchao,2735718014,2014-03-23T05:43:34Z,21257611,116.4020436,39.8303885,1,499500
hanchao,2748916015,2014-03-28T04:01:21Z,21357449,116.4095029,40.0463932,1,499500
hanchao,2753545805,2014-03-30T11:17:58Z,21398575,116.3103642,39.9891258,1,499500
hanchao,2764460723,2014-04-03T15:48:02Z,21479158,116.4063931,39.9890162,1,499500
hanchao,2782622176,2014-04-11T03:22:57Z,21618981,116.4214176,40.0184693,1,499500
42429,2803711022,2014-04-20T13:56:00Z,21816161,116.2648268,40.1085947,1,42429
Oberaffe,2806090823,2015-10-10T22:53:08Z,34559629,116.9579623,39.5179794,2,56597
Oberaffe,2807838908,2015-10-10T22:53:40Z,34559629,116.0319137,39.7375515,3,56597
hanchao,2810287986,2014-04-23T02:40:24Z,21876919,116.3494501,39.9463571,1,499500
42429,2812697658,2014-04-24T07:00:43Z,21901275,115.8495052,40.3233577,1,42429
Oberaffe,2814264819,2015-10-10T22:53:52Z,34559629,116.9646568,39.7772821,2,56597
Oberaffe,2820053443,2015-10-10T22:54:10Z,34559629,116.6131164,39.8198893,2,56597
hanchao,2822054812,2014-04-28T02:12:37Z,21990811,116.4221053,40.0370892,1,499500
42429,2823096105,2014-04-28T18:15:30Z,22007673,116.0379636,39.9766771,1,42429
hanchao,2825800855,2014-04-30T07:23:15Z,22037546,116.3982782,39.998135,1,499500
42429,2834132959,2014-05-03T18:01:14Z,22110665,116.2927001,40.249182,1,42429
hanchao,2837530262,2014-05-05T10:45:22Z,22144131,116.4134245,40.0461999,1,499500
42429,2839068601,2014-05-06T08:25:45Z,22161348,116.2353853,39.9227289,1,42429
42429,2844537114,2014-05-08T18:44:08Z,22215876,116.7197496,40.1026525,1,42429
hanchao,2852181511,2014-05-12T02:40:58Z,22282701,116.4350124,40.0279218,1,499500
hanchao,2867844584,2014-05-19T02:38:40Z,22417298,116.4070473,39.8353448,1,499500
hanchao,2875767599,2014-05-23T08:19:46Z,22500390,116.2967284,39.9302652,1,499500
Insight Adventures,2896493405,2014-06-03T04:24:33Z,22706794,116.3072624,40.409591,1,1987309
James Millar,2896693467,2017-03-06T05:58:10Z,46613755,116.313706,40.4076803,2,5317567
Insight Adventures,2896944354,2014-06-03T10:46:28Z,22712037,116.3169257,40.4091372,1,1987309
Insight Adventures,2898440026,2014-06-04T04:06:35Z,22726619,116.3254533,40.4102726,1,1987309
Insight Adventures,2898654719,2014-06-04T07:28:26Z,22728736,116.26292,40.398352,1,1987309
Insight Adventures,2902822169,2014-06-06T13:17:02Z,22775155,116.2880551,40.4042248,1,1987309
hanchao,2903834628,2014-06-07T07:52:16Z,22788832,116.3447171,40.0820206,1,499500
hanchao,2906615805,2014-06-09T03:04:41Z,22821441,116.3388737,40.066347,1,499500
hanchao,2910572103,2014-06-11T08:34:00Z,22866734,116.3520048,40.0880834,1,499500
hanchao,2912392169,2014-06-12T07:39:59Z,22884199,116.3395572,40.0858019,1,499500
hanchao,2912810224,2014-06-12T14:57:33Z,22890629,116.3110775,40.0822422,1,499500
hanchao,2934060791,2014-06-26T10:26:47Z,23174103,116.2859182,40.048973,1,499500
4b696d,2965677431,2016-04-15T13:45:29Z,38588154,116.595485,40.0573289,2,1420318
hanchao,2987572533,2014-07-30T12:30:12Z,24441991,116.408558,40.059269,1,499500
hanchao,3008796600,2014-08-10T15:06:33Z,24656872,116.3224495,39.9028508,1,499500
hanchao,3011852414,2014-08-12T05:26:51Z,24693753,116.3704146,39.9553628,1,499500
hanchao,3011936353,2014-08-12T07:26:01Z,24695208,116.4692469,40.0192697,1,499500
hanchao,3016106498,2014-08-14T09:33:54Z,24740513,116.3602494,39.9982872,1,499500
haoyun,3017128092,2014-08-14T20:42:53Z,24754792,116.5569679,39.9121374,1,1833906
hanchao,3017459815,2014-08-15T06:02:05Z,24760103,116.3523445,40.0340331,1,499500
hanchao,3019454201,2014-08-16T04:52:52Z,24780035,116.3168157,40.0171398,1,499500
hanchao,3031128093,2014-08-21T03:27:19Z,24900113,116.1894738,39.8658627,1,499500
4rch,3033980636,2014-08-22T06:52:02Z,24924994,116.7099307,39.798396,1,1772211
hanchao,3048449603,2014-08-29T05:47:29Z,25088402,116.4103558,39.9736421,1,499500
krispyduck,3060716921,2014-09-05T11:21:20Z,25246162,116.5743048,39.9131132,1,105998
hanchao,3072786380,2014-09-12T03:28:56Z,25381157,116.4125554,39.9866053,1,499500
jamesks,3091500220,2014-09-22T20:47:31Z,25611081,116.0330055,39.7853646,1,2500
andrewpmk,3111938357,2014-10-05T00:17:20Z,25863544,116.305062,39.9386782,1,1679
amyhuang,3143026979,2014-10-22T02:01:40Z,26246833,116.3660199,40.073155,1,2416842
katpatuka,3166875827,2014-11-04T16:59:09Z,26552578,116.6579325,40.3844688,1,17497
Chen Jia,3172035294,2014-11-07T10:40:45Z,26612012,116.4824803,39.7895037,1,288524
Chen Jia,3178296522,2014-11-10T05:00:46Z,26680373,116.4415321,39.7973261,1,288524
Chen Jia,3180120725,2014-11-11T03:19:21Z,26702582,116.4918977,39.7597718,1,288524
Chen Jia,3184113194,2014-11-13T05:41:01Z,26749263,116.4546602,39.7987376,1,288524
Oberaffe,3187587065,2015-10-10T22:55:32Z,34559629,116.444356,39.6542884,2,56597
Chen Jia,3195126117,2014-11-19T05:30:26Z,26879807,116.4405639,39.7966553,1,288524
Chen Jia,3202592216,2014-11-24T05:20:12Z,26987341,116.28795,39.6751759,1,288524
Chen Jia,3204042512,2014-11-25T03:43:24Z,27013595,116.5156127,39.6157674,1,288524
DaveLakowski,3208175024,2014-11-27T20:31:20Z,27076994,115.9363919,40.2365482,1,2381513
Chen Jia,3242123273,2014-12-19T05:40:25Z,27563072,116.715871,39.6335791,1,288524
greecemapper,3242540265,2014-12-19T12:12:23Z,27567913,116.6231369,40.0860191,1,23785
Chen Jia,3247242221,2014-12-22T03:27:48Z,27622622,116.4555337,39.7194456,1,288524
Chen Jia,3247656964,2014-12-22T13:00:05Z,27629460,116.3311898,39.5498767,1,288524
Chen Jia,3249071722,2014-12-23T11:16:41Z,27648263,116.6713209,39.5937955,1,288524
Chen Jia,3251922784,2014-12-25T12:15:43Z,27688202,116.7101125,39.9629629,1,288524
gudao,3261010962,2014-12-31T03:01:03Z,27814486,116.17724,39.708588,1,2537024
Chen Jia,3272139269,2015-01-06T05:09:52Z,27947825,116.4888338,39.7623701,1,288524
三二一,3280443058,2015-01-10T14:35:15Z,28041642,116.2161372,39.9044679,1,817064
三二一,3289273912,2015-01-15T04:10:42Z,28153255,116.1296633,39.9719911,1,817064
8K-096,3297989023,2015-01-19T05:51:07Z,28245677,115.6935734,40.3559275,1,2582966
三二一,3300183783,2015-01-20T11:27:43Z,28273726,116.2045159,39.977879,1,817064
Chen Jia,3313385460,2015-01-27T05:10:09Z,28434928,116.7453092,39.9119917,1,288524
Chen Jia,3317925725,2015-01-29T04:49:11Z,28479513,116.4226561,39.8334643,1,288524
Chen Jia,3320187489,2015-01-30T04:48:34Z,28498458,116.6430129,39.7286811,1,288524
Chen Jia,3327933552,2015-02-03T04:29:02Z,28581567,116.5450697,39.9043616,1,288524
Chen Jia,3327949539,2015-02-03T05:11:03Z,28581893,116.9337584,39.6755634,1,288524
Chen Jia,3328279246,2015-02-03T11:41:09Z,28587298,117.0148708,39.817339,1,288524
Chen Jia,3329515314,2015-02-04T06:03:56Z,28604359,116.9103883,39.9441688,1,288524
Chen Jia,3331426311,2015-02-05T07:20:47Z,28625088,116.7803601,39.9645906,1,288524
Chen Jia,3333361130,2015-02-06T06:09:34Z,28644715,116.9382491,39.6885022,1,288524
Chen Jia,3342169539,2015-02-10T15:36:18Z,28752895,117.0724505,39.4269489,1,288524
u_kubota,3343931744,2015-02-11T14:02:59Z,28774233,116.9991421,39.9694687,1,421504
Chen Jia,3345633814,2015-02-12T12:16:23Z,28793782,117.0565238,39.9910957,1,288524
Chen Jia,3348165939,2016-04-07T01:46:08Z,38367215,117.1060611,39.6800854,2,288524
Chen Jia,3351199653,2015-02-15T04:59:12Z,28855716,116.8787889,39.5948979,1,288524
Chen Jia,3353354267,2015-02-16T04:42:24Z,28877116,116.3588184,39.949373,1,288524
Chen Jia,3355347629,2015-02-17T06:18:04Z,28901180,116.8353226,39.4420653,1,288524
4rch,3363283878,2015-02-21T13:35:24Z,28998930,116.2246527,39.8622823,1,1772211
Chen Jia,3367581839,2015-02-23T07:45:19Z,29038068,116.8672914,39.5945925,1,288524
4rch,3369363173,2015-02-23T23:52:32Z,29057127,116.4807927,40.0349447,1,1772211
Kartografiertier,3371971658,2015-02-25T16:09:37Z,29094905,116.3025692,39.8006895,1,2461407
Kartografiertier,3375526924,2015-02-27T21:16:21Z,29144771,116.27792,39.7918798,1,2461407
4rch,3375815249,2015-02-28T01:24:16Z,29147847,116.1305781,39.9265297,1,1772211
katpatuka,3377419890,2015-03-01T06:25:56Z,29170528,116.898138,39.6492254,1,17497
MrCong,3379350719,2015-03-02T10:05:20Z,29194850,115.7871488,39.8823148,1,2710355
zhengnercv,3382469450,2015-03-04T08:08:06Z,29237429,116.2810277,39.944196,1,2557707
greecemapper,3387744644,2015-03-07T14:19:31Z,29309423,116.0938181,39.7637477,1,23785
u_kubota,3388591210,2015-03-08T00:34:40Z,29320118,116.3943775,39.9101898,1,421504
u_kubota,3388624167,2015-03-08T01:09:21Z,29320393,116.8046722,40.1711021,1,421504
快乐书香虎,3393606194,2017-05-22T13:22:56Z,48888559,116.2573059,40.2205428,3,4794671
ediyes,3394036369,2015-03-11T17:08:07Z,29410080,115.9913038,39.8990518,1,1240849
ediyes,3394059764,2015-03-11T17:31:47Z,29410619,116.0490982,39.893475,1,1240849
u_kubota,3405407321,2015-03-18T14:46:15Z,29570778,115.7816008,39.963979,1,421504
hanchao,3409830812,2015-03-21T02:59:02Z,29628298,116.1938171,39.9123654,1,499500
MrCong,3415811771,2015-03-26T07:46:32Z,29745846,116.0343274,39.6778172,2,2710355
4rch,3419880739,2015-03-26T15:56:00Z,29756976,115.9774354,39.8187571,1,1772211
4rch,3420112863,2015-03-26T18:40:12Z,29760463,115.9378489,39.968157,1,1772211
Chen Jia,3441075291,2015-04-06T15:00:11Z,30017433,116.4642417,39.7776927,1,288524
Chen Jia,3456805791,2015-04-15T04:33:37Z,30227099,116.5209193,39.7157591,1,288524
Chen Jia,3457345371,2015-04-15T12:21:19Z,30235493,116.5907293,39.6868084,1,288524
yuchengxi,3485953399,2015-04-29T08:31:49Z,30610484,116.6408425,40.0726622,1,2872293
katpatuka,3499766128,2015-05-05T19:22:43Z,30820410,117.1077116,40.3846425,1,17497
katpatuka,3499769215,2015-05-05T19:23:14Z,30820410,117.0337355,40.3997415,1,17497
Kartografiertier,3508126747,2015-05-10T07:47:40Z,30956419,116.5387712,39.9757729,1,2461407
Fangy,3514617313,2015-05-13T11:12:55Z,31099119,116.2960524,39.9780438,1,1880637
RationalTangle,3523165567,2015-05-17T09:04:34Z,31220877,116.4049552,39.9719175,1,2639622
RationalTangle,3536227783,2015-05-22T15:31:19Z,31374666,116.4462253,39.9345566,1,2639622
RationalTangle,3560224079,2015-06-01T09:00:04Z,31628411,116.463518,39.9284166,2,2639622
lumanz,3563452687,2015-06-01T12:31:24Z,31632754,115.7495525,40.0548554,1,1555881
RationalTangle,3565525915,2015-06-02T09:22:23Z,31658254,116.4639112,39.928525,1,2639622
RationalTangle,3574841363,2015-06-05T14:48:36Z,31747705,116.4288936,39.9277786,1,2639622
RationalTangle,3577935675,2015-06-07T04:09:47Z,31781099,116.3019998,39.9639042,1,2639622
RationalTangle,3584658116,2015-06-10T01:59:35Z,31859437,116.4305695,39.9203404,1,2639622
RationalTangle,3585123872,2015-06-10T06:37:27Z,31861734,116.4537911,39.9313252,1,2639622
Chen Jia,3589214240,2015-06-12T06:22:19Z,31913007,116.7131497,39.5558219,1,288524
hanchao,3594474309,2015-06-14T14:27:47Z,31963456,116.7108963,40.0860224,1,499500
Chen Jia,3599788316,2015-06-17T04:31:51Z,32020924,116.0209109,39.5909917,1,288524
Chen Jia,3599941803,2015-06-17T06:38:40Z,32022369,116.049447,39.6314545,1,288524
Chen Jia,3604383082,2015-06-19T05:38:57Z,32066461,116.0299937,39.6116747,1,288524
Chen Jia,3604455045,2015-06-19T06:16:01Z,32066970,116.029621,39.6017732,1,288524
edgar_bcn,3608623230,2015-06-21T10:17:09Z,32113613,116.0641067,40.065937,1,1726068
hanchao,3621019505,2015-06-27T02:15:35Z,32235377,115.6878189,39.4385229,1,499500
4rch,3622224230,2015-06-27T18:10:31Z,32248115,116.5055421,39.5043253,1,1772211
Chen Jia,3624382677,2015-06-29T06:02:57Z,32276690,115.703662,39.5678937,1,288524
Chen Jia,3626217510,2015-06-30T05:41:03Z,32299694,116.6259434,39.6566123,1,288524
Chen Jia,3626917473,2015-06-30T11:24:38Z,32305617,116.4571952,39.8164862,1,288524
RationalTangle,3629470598,2015-07-01T16:38:36Z,32336073,116.5212341,39.9874161,1,2639622
RationalTangle,3631355321,2015-07-02T11:50:57Z,32352563,116.5169849,39.9906172,1,2639622
Chen Jia,3634948646,2015-07-05T07:31:08Z,32419753,116.5548064,39.7337622,1,288524
u_kubota,3638072164,2015-07-07T00:00:43Z,32461352,115.9652213,40.0427891,1,421504
Chen Jia,3639439346,2015-07-07T15:49:46Z,32474973,116.5710384,39.7903285,1,288524
Chen Jia,3640664683,2015-07-08T10:53:24Z,32492372,116.4980093,39.7718666,1,288524
Chen Jia,3641154246,2015-07-08T16:44:15Z,32499287,116.4317767,39.8182109,1,288524
Chen Jia,3642061856,2015-07-09T07:14:16Z,32512107,116.2854139,39.7467517,1,288524
Chen Jia,3642897307,2015-07-09T15:29:38Z,32522056,116.400294,39.6740086,1,288524
Chen Jia,3643528883,2015-07-10T02:09:02Z,32533345,116.5185615,39.8204092,1,288524
Chen Jia,3647578877,2015-07-12T15:44:04Z,32583448,116.0623797,39.7123787,1,288524
karitotp,3663502804,2015-07-23T19:26:53Z,32834882,116.6635027,40.1151694,1,2748195
Chen Jia,3683173858,2015-08-06T00:49:05Z,33143992,116.4285351,39.7593912,1,288524
Chen Jia,3684886556,2015-08-07T01:47:17Z,33169211,116.5461523,39.8093102,1,288524
Chen Jia,3684932870,2015-08-07T04:12:36Z,33170129,116.6358785,39.7204452,1,288524
Chen Jia,3684975649,2015-08-07T05:55:11Z,33171027,116.5463505,39.728743,1,288524
Chen Jia,3685402737,2015-08-07T10:55:08Z,33176770,116.5501362,39.7291596,1,288524
Chen Jia,3690723754,2015-08-11T04:17:06Z,33257563,116.4349963,39.8144111,1,288524
Chen Jia,3691209947,2015-08-11T11:39:30Z,33263848,116.4803482,39.7824991,1,288524
Luis36995,3692150427,2015-08-11T19:42:57Z,33276547,115.6890833,39.8720154,1,1829683
Kartografiertier,3699363616,2015-08-16T04:09:34Z,33362476,116.5131999,39.9815916,1,2461407
Kartografiertier,3713306250,2015-08-25T09:39:36Z,33565987,116.4489768,39.9544055,1,2461407
Chen Jia,3725940842,2015-09-02T11:18:24Z,33749027,116.7823182,39.7722233,1,288524
Chen Jia,3731291697,2015-09-06T06:17:09Z,33826051,115.8840889,40.3681088,1,288524
ninjach,3742405283,2015-09-14T09:29:54Z,34016347,116.2672684,39.8761251,1,3236135
Hermann001,3749725245,2015-09-18T20:35:24Z,34111088,116.4519143,39.9582836,1,1965631
Plair,3768310703,2015-10-02T01:33:41Z,34380345,116.3417593,40.0135069,1,2986987
Helmchen42,3779386068,2015-10-09T11:39:29Z,34528072,115.7522677,40.0930532,1,1817244
Oberaffe,3781462838,2015-10-10T22:51:55Z,34559629,116.4611115,39.4207927,1,56597
Oberaffe,3781516500,2015-10-11T00:34:58Z,34560563,116.7448646,39.4525982,1,56597
Esperanza36,3784428347,2015-10-13T10:09:35Z,34607772,116.1501699,39.9155225,1,83557
m17design,3807947937,2015-10-29T07:02:11Z,34942226,116.2868242,40.0070642,1,486052
Esperanza36,3823143442,2015-11-07T18:22:18Z,35155158,116.3953345,40.0126279,1,83557
hanchao,3862646808,2015-11-27T13:25:01Z,35611331,117.0643871,39.4182609,1,499500
FreedSky,3894662380,2015-12-16T08:30:03Z,35982735,116.4537212,40.0584452,1,1236135
FreedSky,3894967119,2015-12-16T11:41:49Z,35986236,116.3039172,39.8928324,1,1236135
FreedSky,3895057092,2015-12-16T12:55:47Z,35987810,115.9429707,39.8714455,1,1236135
Chen Jia,3897568716,2015-12-18T03:47:32Z,36021140,116.5684713,39.7334421,1,288524
user_5359,3923211257,2016-01-02T09:15:39Z,36313785,116.5509543,39.9071639,1,5359
Chen Jia,3928402332,2016-01-05T10:32:34Z,36377385,116.5678219,39.7328829,1,288524
Chen Jia,3930546554,2016-01-06T15:14:06Z,36405649,116.3311322,39.7823511,1,288524
Chen Jia,3933250928,2016-01-08T02:34:58Z,36437461,115.9802255,39.6889408,1,288524
Chen Jia,3933292987,2016-01-08T03:47:27Z,36437854,115.9796509,39.6929226,1,288524
Chen Jia,3933387040,2016-01-08T05:58:40Z,36438635,116.0400257,39.4877021,1,288524
Chen Jia,3933413565,2016-01-08T07:05:14Z,36439187,116.0397569,39.4761595,1,288524
Chen Jia,3933571528,2016-01-08T10:44:20Z,36441977,116.0207344,39.4844663,1,288524
Chen Jia,3933572728,2016-01-08T10:44:34Z,36441977,115.9782152,39.4914784,1,288524
Chen Jia,3933900393,2016-01-08T14:29:26Z,36445988,116.0142225,39.489038,1,288524
+_+,3951207075,2016-01-17T06:13:51Z,36628130,116.3283664,39.9794421,1,3500546
Chen Jia,3965929203,2016-01-25T12:45:58Z,36795577,116.1336161,40.1014961,1,288524
jwsgchk,3981227075,2016-02-01T06:01:03Z,36930461,116.2789036,40.0635675,1,2054383
Chen Jia,3985540826,2016-02-03T06:21:38Z,36971227,116.4807678,39.8021659,1,288524
Chen Jia,3985656367,2016-02-03T08:29:36Z,36972503,116.7195479,39.8495639,1,288524
Chen Jia,3985942837,2016-02-03T11:48:03Z,36975426,116.7011767,39.8516918,1,288524
trolleway,4013992767,2016-02-19T07:40:14Z,37302644,115.9983982,39.9725482,1,397326
breathlesssss,4017527717,2016-02-21T09:19:24Z,37342755,116.350136,39.9624276,2,3634676
Si-,4041703688,2016-03-05T13:01:12Z,37627034,116.4920958,40.0375412,1,2760878
karitotp,4062108429,2016-03-15T18:53:21Z,37852312,115.9494502,40.3847509,1,2748195
Chen Jia,4066177661,2016-03-18T05:49:39Z,37911752,116.7306625,40.111526,1,288524
Chen Jia,4066178961,2016-03-18T05:49:54Z,37911752,116.7350534,40.1150822,1,288524
Chen Jia,4066772412,2016-03-18T14:28:21Z,37920225,116.7177263,40.0715412,1,288524
Chen Jia,4066773412,2016-03-18T14:28:36Z,37920225,116.720355,40.081682,1,288524
Chen Jia,4066867500,2016-03-18T15:52:08Z,37922507,116.7163348,40.0815914,1,288524
Chen Jia,4066869600,2016-03-18T15:52:22Z,37922507,116.7132114,40.0959032,1,288524
Chen Jia,4068464970,2016-03-19T15:13:13Z,37940251,116.7237445,40.1923506,1,288524
Chen Jia,4068517143,2016-03-19T16:15:14Z,37941133,116.9182025,40.376741,1,288524
FreedSky,4068621360,2016-03-19T17:19:56Z,37942151,115.9017331,39.5656439,1,1236135
FreedSky,4068768977,2016-03-19T17:57:44Z,37942744,116.9325743,40.2126129,1,1236135
Paul Bird,4073607751,2016-03-22T16:04:44Z,38002109,116.350249,40.0839617,1,3727025
Chen Jia,4075357451,2016-03-23T15:43:15Z,38022830,116.3171082,39.5621181,1,288524
Chen Jia,4076125584,2016-03-24T02:15:32Z,38032300,116.175975,39.7953779,1,288524
Chen Jia,4076150043,2016-03-24T03:42:41Z,38032730,116.1267043,39.7380445,1,288524
Chen Jia,4076206778,2016-03-24T05:43:16Z,38033679,116.1285072,39.7260831,1,288524
Chen Jia,4076232315,2016-03-24T06:28:21Z,38034168,116.1614919,39.7579846,1,288524
Chen Jia,4076341012,2016-03-24T08:26:29Z,38035891,116.1738445,39.7624494,1,288524
Chen Jia,4076775568,2016-03-24T14:31:43Z,38042626,116.1044013,39.6508954,1,288524
Chen Jia,4077651005,2016-03-25T06:15:38Z,38055721,116.9574497,39.6055516,1,288524
Chen Jia,4077745798,2016-03-25T08:24:08Z,38057511,116.7939242,39.6400978,1,288524
Chen Jia,4077891672,2016-03-25T10:05:45Z,38059158,116.7874219,39.6234149,1,288524
Chen Jia,4086712305,2016-03-30T15:46:35Z,38170915,116.8066513,40.119553,1,288524
Chen Jia,4087379179,2016-03-31T01:30:14Z,38185721,117.0044269,40.0852612,1,288524
Chen Jia,4087467291,2016-03-31T03:44:50Z,38187255,117.0153912,40.0281015,1,288524
Chen Jia,4088514444,2016-03-31T15:22:22Z,38200543,117.0984609,40.1137087,1,288524
Chen Jia,4089484750,2016-04-01T06:44:23Z,38218743,116.886895,40.2840375,1,288524
Janjko,4090208810,2016-04-01T15:21:11Z,38228630,116.4272979,39.9203368,1,244754
Chen Jia,4096778064,2016-04-04T06:49:14Z,38282197,116.6174034,40.2574773,1,288524
Chen Jia,4097384991,2016-04-04T14:01:49Z,38291784,116.4778976,40.1810217,1,288524
Chen Jia,4102788476,2016-04-06T16:19:25Z,38355654,116.8296264,39.9328805,1,288524
Chen Jia,4106980955,2016-04-08T05:07:59Z,38396928,116.7779516,40.3237454,1,288524
Chen Jia,4107222116,2016-04-08T08:26:59Z,38399997,116.8148385,40.3661015,1,288524
4b696d,4114502400,2016-04-14T14:07:41Z,38556288,116.5907602,40.0764193,2,1420318
Chen Jia,4116899723,2016-04-12T15:07:17Z,38502505,116.4186183,40.1289821,1,288524
Chen Jia,4120454048,2016-04-14T06:25:26Z,38546700,117.0986778,39.757303,1,288524
4b696d,4121967119,2016-04-14T21:33:42Z,38570642,116.5999433,40.0732087,1,1420318
Chen Jia,4122426431,2016-04-15T03:40:24Z,38576527,116.5063915,40.1279199,1,288524
Chen Jia,4122718331,2016-04-15T06:11:36Z,38578199,116.6897218,40.1312406,1,288524
4b696d,4123793139,2016-04-15T13:45:17Z,38588154,116.6137227,40.0552908,1,1420318
kartograf,4134089706,2016-04-19T20:24:05Z,38707655,116.5995083,39.4882405,1,32224
NotInNebraska,4137672813,2016-04-21T05:00:59Z,38746055,116.3722824,39.9298227,1,3854013
eric22,4140889179,2016-04-22T14:20:36Z,38787410,116.2667704,40.0012261,1,160949
sceic,4164687284,2016-05-04T06:07:56Z,39087743,116.5539365,39.7546243,1,3904945
Chen Jia,4166648151,2016-05-05T01:27:44Z,39110227,117.0526151,39.436956,1,288524
Chen Jia,4168505321,2016-05-06T03:25:27Z,39133750,116.9697925,39.907344,1,288524
Chen Jia,4168761429,2016-05-06T06:09:22Z,39135623,116.9867522,39.891797,1,288524
Chen Jia,4168922755,2016-05-06T06:56:03Z,39136341,116.9184332,39.9165856,1,288524
Chen Jia,4169320309,2016-05-06T09:20:08Z,39138848,116.8932552,39.918042,1,288524
Chen Jia,4169370393,2016-05-06T09:51:44Z,39139494,116.9037391,39.9475038,1,288524
Chen Jia,4177529126,2016-05-11T03:54:10Z,39231869,116.3156265,39.4242394,1,288524
Chen Jia,4180234286,2016-05-12T06:06:19Z,39258377,116.3064177,39.4388904,1,288524
Chen Jia,4180631695,2016-05-12T09:13:32Z,39261678,115.9375584,39.5649533,1,288524
Chen Jia,4181285840,2016-05-12T14:15:50Z,39268530,115.7845307,39.5406331,1,288524
Chen Jia,4181409143,2016-05-12T15:18:51Z,39270276,115.861938,39.4904481,1,288524
Chen Jia,4181527607,2016-05-12T16:27:29Z,39272103,115.8971482,39.5840405,1,288524
Chen Jia,4182636015,2016-05-13T06:16:14Z,39283108,115.738015,39.7313484,1,288524
Chen Jia,4183073920,2016-05-13T10:04:19Z,39287950,115.8619204,39.4940302,1,288524
Chen Jia,4183238569,2016-05-13T11:05:26Z,39289075,115.8245991,39.4921678,1,288524
Chen Jia,4194513399,2016-05-19T03:30:50Z,39414588,115.7230678,39.516972,1,288524
Chen Jia,4194603979,2016-05-19T05:49:31Z,39415646,115.9903465,39.5274609,1,288524
Chen Jia,4194657159,2016-05-19T06:28:56Z,39416156,115.9715755,39.5270401,1,288524
Chen Jia,4194742101,2016-05-19T07:25:18Z,39416961,115.9653756,39.5125447,1,288524
Chen Jia,4194904276,2016-05-19T09:16:01Z,39418995,115.9835874,39.4760824,1,288524
Chen Jia,4194951974,2016-05-19T09:44:11Z,39419617,116.7073129,39.8777287,1,288524
Chen Jia,4195050615,2016-05-19T10:44:17Z,39420748,115.9947187,39.4903932,1,288524
u_kubota,4198370202,2016-05-21T09:24:18Z,39466414,116.3958134,39.921162,1,421504
Si-,4218606623,2016-06-01T05:33:04Z,39702546,116.3033949,40.4152864,1,2760878
Si-,4220766163,2016-06-02T03:25:22Z,39724284,116.3391091,40.4066399,1,2760878
Si-,4220796116,2016-06-02T04:22:01Z,39724824,116.3403213,40.4094935,1,2760878
Bryanibit,4240978410,2016-06-13T08:45:43Z,39987328,116.3046065,39.9568591,1,3252870
simon@thehutong,4256020052,2016-06-21T09:27:18Z,40176142,116.2964163,40.4108846,1,4127401
Jole22,4257270117,2016-06-21T19:04:13Z,40188284,116.3929751,39.9503358,1,4102363
ff5722,4316720632,2016-07-23T08:31:35Z,40966689,116.3431312,39.8988551,1,3450290
slariamou,4326862663,2016-07-29T13:23:24Z,41109537,116.7361914,39.8782706,1,4335777
大笨熊,4339470874,2016-08-07T07:25:27Z,41298885,116.4562931,39.9983722,1,2278988
hulagirl14,4344866464,2016-08-10T19:16:03Z,41373923,116.6958659,39.4733216,1,3695979
hulagirl14,4346041110,2016-08-11T14:51:44Z,41390678,116.5814343,39.4505802,1,3695979
mike_hd,4354493143,2016-08-17T18:11:41Z,41518038,116.648164,40.3890866,1,6326
OSM-Bremen,4362224889,2016-08-23T00:26:23Z,41627116,115.9949206,40.3512739,1,4446609
OSM-Bremen,4362436507,2016-08-23T08:08:20Z,41631997,115.8503292,40.3247233,1,4446609
自由分享,4365021899,2016-08-24T15:25:45Z,41665916,116.6277132,39.7912388,1,3264783
hanchao,4371600533,2016-08-28T16:21:59Z,41759197,116.3481349,39.9659647,1,499500
OSM-Bremen,4373984558,2016-08-29T13:16:45Z,41777571,116.1938746,40.2751499,1,4446609
OSM-Bremen,4373985858,2016-08-29T13:16:58Z,41777571,116.092349,40.369525,1,4446609
OSM-Bremen,4373987358,2016-08-29T13:17:12Z,41777571,116.1533005,40.39545,1,4446609
OSM-Bremen,4373989058,2016-08-29T13:17:26Z,41777571,116.1911401,40.4245317,1,4446609
hanchao,4375748377,2016-08-30T15:34:57Z,41804955,116.4185743,40.0498388,1,499500
hanchao,4377488829,2016-08-31T15:19:46Z,41829170,116.5064956,39.9456696,1,499500
lsq278866125,4379128421,2016-09-01T12:37:02Z,41848240,116.4256836,39.6919618,1,4429867
lsq278866125,4379170798,2016-09-01T13:05:09Z,41848784,116.4261527,39.6898062,1,4429867
nihao28,4394443696,2016-09-10T07:35:14Z,42053949,116.4428645,39.94123,1,4554949
hanchao,4397701709,2016-09-12T15:45:13Z,42103938,116.3347679,40.0768674,1,499500
hanchao,4400859197,2016-09-14T08:47:15Z,42143960,116.3556933,39.9084455,1,499500
hanchao,4404388975,2016-09-16T15:33:44Z,42205834,116.9590421,40.1696786,1,499500
hanchao,4405495217,2016-09-17T10:15:42Z,42223668,116.9588801,40.2951409,1,499500
hanchao,4414947862,2016-09-23T14:07:41Z,42374925,116.1822596,39.7567781,1,499500
hanchao,4416301603,2016-09-24T13:17:55Z,42404978,116.6812015,39.9106373,1,499500
hanchao,4417538684,2016-09-25T12:41:22Z,42422605,116.7424924,39.873288,1,499500
Алекс Мок,4419044539,2017-03-03T20:42:12Z,46558380,116.4076489,39.8951313,2,4814295
hanchao,4424710924,2016-09-30T08:55:12Z,42537140,116.3174352,39.6853393,1,499500
CQET,4436425721,2016-10-07T15:39:19Z,42714481,116.2667516,40.1548449,1,4311741
hanchao,4449057280,2016-10-15T11:37:26Z,42916205,116.8973087,40.3479148,1,499500
hanchao,4450094774,2016-10-16T07:34:04Z,42930693,116.8153942,40.3278235,1,499500
duxxa,4471355365,2016-10-30T13:13:35Z,43283409,115.965993,39.6037211,1,632124
快乐书香虎,4483283645,2016-11-05T05:30:58Z,43414802,116.6311877,40.3217168,1,4794671
快乐书香虎,4507711660,2016-11-18T05:32:46Z,43754229,116.6245828,40.3167483,1,4794671
hanchao,4516821578,2016-11-23T10:45:50Z,43892286,116.4798003,39.9777088,1,499500
ff5722,4543396220,2016-12-07T16:31:31Z,44239329,116.6656377,39.8364542,1,3450290
Helmchen42,4552287089,2016-12-13T13:07:38Z,44371141,116.9174588,39.7864023,1,1817244
aighes,4558639567,2016-12-17T14:59:36Z,44471916,116.6978812,39.5120536,1,110639
hanchao,4566529466,2016-12-22T09:00:57Z,44585680,116.4716032,40.0012405,1,499500
快乐书香虎,4583502052,2017-01-01T04:46:33Z,44817082,116.4235499,39.7799399,1,4794671
Chen Jia,4590924603,2017-01-05T15:23:31Z,44927415,116.6871573,39.8961869,1,288524
hanchao,4599188338,2017-01-10T05:21:59Z,45042658,116.8264207,39.5559419,1,499500
hanchao,4613935514,2017-01-17T10:55:05Z,45239508,116.228901,39.8636587,1,499500
快乐书香虎,4618074934,2017-01-19T10:20:47Z,45293633,116.6292529,40.3169081,1,4794671
rza31,4629262994,2017-01-24T14:54:07Z,45438535,117.0939149,39.5186069,1,2137840
Алекс Мок,4629985125,2017-01-24T18:30:29Z,45444510,116.3381482,39.9465524,1,4814295
rza31,4630474476,2017-01-24T21:19:21Z,45450464,117.0838698,39.5922236,1,2137840
Алекс Мок,4632846841,2017-01-25T18:46:37Z,45486062,116.2675346,39.9602982,1,4814295
Алекс Мок,4633050275,2017-03-04T19:32:39Z,46580517,116.3243307,39.9353904,2,4814295
rza31,4633422588,2017-01-25T21:10:44Z,45490593,116.997174,39.6099569,1,2137840
Алекс Мок,4633459876,2017-01-25T21:27:56Z,45491058,116.4311443,39.9188832,1,4814295
Алекс Мок,4638176054,2017-01-27T18:14:39Z,45569500,116.4415878,39.9193307,1,4814295
Алекс Мок,4638396541,2017-01-27T20:06:18Z,45572762,116.4391597,39.9112866,1,4814295
7thgrade,4642982153,2017-01-29T21:35:53Z,45633169,115.9165461,39.8103217,1,4893896
7thgrade,4643840444,2017-01-30T09:21:36Z,45645232,115.9080983,39.7144415,1,4893896
dbaron,4657301600,2017-02-02T19:20:20Z,45757002,116.4483216,39.5285127,1,481533
ik999,4685515982,2017-02-14T16:36:52Z,46083778,116.5336184,40.0691741,1,5317590
ik999,4686376588,2017-02-15T07:29:50Z,46098347,116.5392814,40.0599509,1,5317590
ik999,4686419938,2017-02-15T08:04:14Z,46099196,116.5334025,40.0645496,1,5317590
ik999,4686498206,2017-02-15T08:50:05Z,46100360,116.5318468,40.0695609,1,5317590
hanchao,4690357741,2017-02-17T11:32:54Z,46161865,116.370703,39.9600147,1,499500
jamesks,4696039815,2017-02-20T19:46:23Z,46254105,116.6861305,39.9306136,1,2500
Алекс Мок,4697558246,2017-02-21T16:06:43Z,46279267,116.4252211,39.9124756,1,4814295
Алекс Мок,4697741997,2017-02-21T18:21:06Z,46282473,116.4193632,39.9199572,1,4814295
hanchao,4699113785,2017-02-22T12:42:12Z,46305927,116.183838,39.8600821,1,499500
Chen Jia,4706199992,2017-02-26T08:21:14Z,46409564,116.7615375,39.9692534,1,288524
Chen Jia,4706268215,2017-02-26T09:16:33Z,46410629,116.7735386,39.998622,1,288524
Chen Jia,4706469916,2017-02-26T12:02:02Z,46413973,116.790288,39.9886652,1,288524
Алекс Мок,4710347259,2017-02-28T18:15:52Z,46474265,116.388526,39.9067219,1,4814295
Алекс Мок,4710638756,2017-02-28T21:17:55Z,46478582,116.4008266,39.905511,1,4814295
Алекс Мок,4712045918,2017-03-01T17:42:41Z,46499990,116.3887084,39.883396,1,4814295
Алекс Мок,4712121119,2017-03-01T18:34:00Z,46501095,116.3823442,39.8859476,1,4814295
Алекс Мок,4712230105,2017-03-01T19:49:37Z,46503127,116.3934047,39.8692911,1,4814295
Shaun Austin,4714321919,2017-03-03T00:53:42Z,46536409,116.3630744,39.9164628,1,4803525
Chen Jia,4714364871,2017-03-03T02:10:27Z,46537574,116.8102434,40.002938,1,288524
Chen Jia,4714561261,2017-03-03T06:33:21Z,46540397,116.8688867,39.9516672,1,288524
Chen Jia,4714582075,2017-03-03T06:50:52Z,46540564,116.8148232,39.9505423,1,288524
Алекс Мок,4715460500,2017-03-03T17:57:09Z,46554503,116.4137171,39.9006347,1,4814295
Алекс Мок,4715589780,2017-03-03T19:36:47Z,46556796,116.4033792,39.8989437,1,4814295
Алекс Мок,4715688514,2017-03-03T20:55:40Z,46558762,116.4178001,39.8838528,1,4814295
Алекс Мок,4716204802,2017-03-04T09:53:47Z,46567935,116.4034467,39.901534,1,4814295
Алекс Мок,4716390926,2017-03-04T12:15:00Z,46570920,116.431295,39.9166041,1,4814295
ik999,4716608798,2017-03-04T14:41:36Z,46573989,116.5292892,40.0680279,1,5317590
ik999,4716781877,2017-03-04T16:24:19Z,46576233,116.5467812,40.0626023,1,5317590
Алекс Мок,4716859199,2017-03-04T17:05:47Z,46577231,116.3105962,39.9373323,1,4814295
Алекс Мок,4717119966,2017-03-04T19:31:31Z,46580491,116.3556764,39.9366182,1,4814295
Алекс Мок,4717121066,2017-03-04T19:31:44Z,46580491,116.3410644,39.9413826,1,4814295
Chen Jia,4717770903,2017-03-05T06:53:47Z,46588612,116.815543,39.9049063,1,288524
ik999,4717799112,2017-03-05T07:19:05Z,46588924,116.5291743,40.0884267,1,5317590
Swesto,4717845759,2017-06-09T11:03:06Z,49394160,116.3846542,39.9282254,2,6146322
ik999,4717862494,2017-03-05T08:19:42Z,46589725,116.5169747,40.0759563,1,5317590
Chen Jia,4717981923,2017-03-05T09:14:31Z,46590769,116.6448668,39.9969512,1,288524
Chen Jia,4718074304,2017-03-05T10:02:59Z,46591770,116.4587458,39.8292568,1,288524
Алекс Мок,4718130035,2017-03-05T10:38:37Z,46592529,116.3516182,39.9097015,1,4814295
Алекс Мок,4720671912,2017-03-06T17:00:40Z,46628953,116.3406845,39.8954644,1,4814295
Алекс Мок,4721081381,2017-03-06T21:02:13Z,46634640,116.4339698,39.9426,1,4814295
Алекс Мок,4723989458,2017-03-08T12:48:30Z,46679798,116.4093458,39.8725694,1,4814295
Алекс Мок,4724057301,2017-03-08T13:40:24Z,46680922,116.3825234,39.8654921,1,4814295
Алекс Мок,4724152986,2017-03-08T14:34:53Z,46682167,116.379872,39.8594232,1,4814295
Chen Jia,4724181956,2017-03-08T15:01:06Z,46682705,116.6935677,39.9418284,1,288524
Алекс Мок,4724254113,2017-03-08T15:45:47Z,46683971,116.3966053,39.846917,1,4814295
Алекс Мок,4724379618,2017-03-08T17:02:37Z,46686023,116.3788437,39.8464907,1,4814295
ik999,4741326336,2017-03-18T11:09:52Z,46953104,116.5358068,40.0709908,1,5317590
Алекс Мок,4745583125,2017-03-20T19:11:02Z,47021050,116.4379966,39.9034608,1,4814295
Алекс Мок,4745710687,2017-03-20T20:22:54Z,47022902,116.2664665,39.9674725,1,4814295
Алекс Мок,4747171588,2017-03-21T15:31:49Z,47043641,116.2713333,39.9570829,1,4814295
Chen Jia,4751852116,2017-03-24T00:59:15Z,47111603,116.4283256,39.761716,1,288524
Chen Jia,4751981646,2017-03-24T03:01:57Z,47112973,116.4017599,39.8191571,1,288524
Chen Jia,4752161306,2017-03-24T06:06:18Z,47115334,116.0580908,39.6521423,1,288524
Chen Jia,4752329981,2017-03-24T08:07:27Z,47117730,116.062812,39.6587384,1,288524
Chen Jia,4753062681,2017-03-24T14:48:03Z,47126652,116.0633648,39.6568525,1,288524
Chen Jia,4756343723,2017-03-26T14:28:22Z,47176277,117.0081205,39.484026,1,288524
ff5722,4759598883,2017-03-28T12:05:06Z,47227862,116.5830391,39.815743,1,3450290
ff5722,4769818423,2017-04-01T17:14:23Z,47361970,116.1802587,40.048399,1,3450290
hanchao,4780787173,2017-04-07T09:25:18Z,47533160,116.0687541,39.9417353,1,499500
顾松竹,4805998849,2017-04-20T15:22:00Z,47975490,116.3087055,40.0169955,1,5702803
Phaestus,4824683977,2017-04-29T09:52:33Z,48250794,116.0577431,40.2217347,1,5753541
Chen Jia,4836212696,2017-05-05T07:07:09Z,48415959,116.1844439,40.0674364,1,288524
数之圣者,4839585047,2017-05-07T09:09:47Z,48469163,116.622272,40.3822419,1,5712577
Chen Jia,4839805913,2017-05-07T12:08:10Z,48472975,116.4444901,40.1268186,1,288524
Chen Jia,4841763272,2017-05-08T14:03:11Z,48503149,116.2462709,40.0148526,1,288524
Chen Jia,4847628575,2017-05-11T13:16:52Z,48592089,116.1388064,40.0604036,1,288524
Chen Jia,4853416962,2017-05-14T10:59:01Z,48670384,116.3815916,40.1789947,1,288524
ff5722,4855082798,2017-05-15T07:10:27Z,48692330,116.6545304,40.3990272,1,3450290
ff5722,4857148453,2017-05-16T07:30:11Z,48721777,116.9345283,40.3106544,1,3450290
ff5722,4857150053,2017-05-16T07:30:28Z,48721777,116.610792,40.3551143,1,3450290
Chen Jia,4857915703,2017-05-16T14:49:49Z,48733804,116.6254199,40.2294486,1,288524
Chen Jia,4861050603,2017-05-18T05:16:53Z,48779221,116.1449101,39.9314701,1,288524
Chen Jia,4861715522,2017-05-18T11:34:22Z,48788934,116.0785492,39.9457518,1,288524
Chen Jia,4861988130,2017-05-18T14:06:29Z,48793294,116.0940285,39.9366518,1,288524
Chen Jia,4862096236,2017-05-18T15:09:00Z,48794816,116.0970978,39.9371789,1,288524
数之圣者,4867362052,2017-05-21T03:07:58Z,48854278,116.3343162,39.9750372,1,5712577
Chen Jia,4867641310,2017-05-21T09:12:56Z,48857977,116.216632,40.0359473,1,288524
Chen Jia,4872464538,2017-05-23T16:18:53Z,48921583,116.0756971,39.6764031,1,288524
Chen Jia,4873807311,2017-05-24T09:33:31Z,48941739,116.0577841,39.7063713,1,288524
Chen Jia,4873878936,2017-05-24T10:07:32Z,48942643,116.0823915,39.7104933,1,288524
Chen Jia,4874339404,2017-05-24T14:36:13Z,48949488,115.9756158,39.7037035,1,288524
Chen Jia,4874370658,2017-05-24T14:51:17Z,48949802,115.9770998,39.7326104,1,288524
DAJIBA,4875751343,2017-05-25T10:10:02Z,48968933,116.4351401,40.2433479,1,360397
Chen Jia,4877958414,2017-05-26T09:28:37Z,48996211,115.9906912,39.76568,1,288524
Chen Jia,4878587265,2017-05-26T13:52:48Z,49003157,116.0754863,39.7344552,1,288524
Chen Jia,4878826743,2017-05-26T16:08:40Z,49006492,116.1140857,39.7230573,1,288524
Chen Jia,4879748290,2017-05-27T07:31:21Z,49018269,116.0599975,39.7082044,1,288524
Interactiondesigner,4889639041,2017-06-01T11:40:10Z,49162416,116.4874034,39.9834298,1,4076934
Robbi Bishop-Taylor,4898499481,2017-06-06T01:36:33Z,49291433,116.6908069,39.9727448,1,3929626
JokerAustin,4907503558,2017-06-10T12:19:55Z,49419218,116.339157,39.9666261,1,6121636
hanchao,4914071915,2017-06-14T05:28:00Z,49517854,115.7237995,40.2279695,1,499500
hanchao,4920845617,2017-06-17T16:50:08Z,49618633,116.752204,39.4645067,1,499500
数之圣者,4928401351,2017-06-21T09:27:42Z,49715209,116.1695794,39.7105752,1,5712577
kujaz2,4950854271,2017-07-04T12:11:54Z,50033258,116.6012472,39.8331149,1,2045767
